Suite,KEM,SIG,AEAD,Level,Base Handshake ms,XGB Handshake ms,TST Handshake ms,Δ XGB %,Δ TST %,Base Total Crypto ms,XGB Total Crypto ms,TST Total Crypto ms,Δ XGB %,Δ TST %,Base Throughput Mbps,XGB Throughput Mbps,TST Throughput Mbps,Δ XGB %,Δ TST %,Base Pkt Loss %,XGB Pkt Loss %,TST Pkt Loss %,Δ XGB %,Δ TST %,Base Drone CPU Avg %,XGB Drone CPU Avg %,TST Drone CPU Avg %,Δ XGB %,Δ TST %,Base Drone CPU Peak %,XGB Drone CPU Peak %,TST Drone CPU Peak %,Δ XGB %,Δ TST %,Base Drone Temp °C,XGB Drone Temp °C,TST Drone Temp °C,Δ XGB %,Δ TST %,Base GCS CPU Avg %,XGB GCS CPU Avg %,TST GCS CPU Avg %,Δ XGB %,Δ TST %,Base GCS CPU Peak %,XGB GCS CPU Peak %,TST GCS CPU Peak %,Δ XGB %,Δ TST %,Base MAV Drone Msgs RX,XGB MAV Drone Msgs RX,TST MAV Drone Msgs RX,Δ XGB %,Δ TST %,Base MAV Drone StreamHz,XGB MAV Drone StreamHz,TST MAV Drone StreamHz,Δ XGB %,Δ TST %,Base Power Avg W,XGB Power Avg W,TST Power Avg W,Δ XGB %,Δ TST %,Base Energy Total J,XGB Energy Total J,TST Energy Total J,Δ XGB %,Δ TST %,Base Suite Active ms,XGB Suite Active ms,TST Suite Active ms,Δ XGB %,Δ TST %
cs-classicmceliece348864-aesgcm-falcon512,Classic-McEliece-348864,Falcon-512,AES-256-GCM,L1,206.11566,292.214774,130.898738,+41.77,-36.49,161.35234599999998,201.11500299999997,74.39550299999999,+24.64,-53.89,0.02872827807951079,0.030868274117356344,0.030159937594193408,+7.45,+4.98,0,0,0,,,15.270967741935484,40.71562500000001,86.471875,+166.62,+466.25,33.0,63.3,95.6,+91.82,+189.70,58.426,71.088,81.315,+21.67,+39.18,11.293103448275861,13.803448275862069,15.400000000000002,+22.23,+36.37,43.9,60.3,45.6,+37.36,+3.87,1606,1604,1630,-0.12,+1.49,101.3,98.02,98.18,-3.24,-3.08,0.0,0.0,0.0,,,0.0,0.0,0.0,,,11963.12563700485,12595.974705996923,12295.250905008288,+5.29,+2.78
cs-classicmceliece348864-aesgcm-mldsa44,Classic-McEliece-348864,ML-DSA-44,AES-256-GCM,L1,187.517441,182.861977,241.994237,-2.48,+29.05,132.255202,130.99307000000002,193.353663,-0.95,+46.20,0.020634695197157996,0.021877251061038855,0.02112297704815541,+6.02,+2.37,0,0,0,,,13.796428571428573,40.04482758620689,88.90344827586206,+190.26,+544.39,40.5,60.1,95.0,+48.40,+134.57,57.939,71.088,82.776,+22.69,+42.87,17.499999999999996,14.300000000000002,7.774074074074075,-18.29,-55.58,51.4,36.5,13.0,-28.99,-74.71,1208,1272,1290,+5.30,+6.79,84.4,85.85,85.42,+1.72,+1.21,0.0,0.0,0.0,,,0.0,0.0,0.0,,,11012.908008997329,11506.015965976985,11774.097913992591,+4.48,+6.91
cs-classicmceliece348864-aesgcm-sphincs128s,Classic-McEliece-348864,SPHINCS+-SHA2-128s-simple,AES-256-GCM,L1,1079.864758,1088.936596,1037.467489,+0.84,-3.93,1044.818706,1033.014528,971.795441,-1.13,-6.99,0.021877084985307653,0.021520809453229896,0.02203982569421352,-1.63,+0.74,0,0,0,,,15.307142857142859,41.237931034482756,88.56428571428569,+169.40,+478.58,35.2,64.7,96.1,+83.81,+173.01,59.4,73.036,82.776,+22.96,+39.35,12.862962962962964,13.332142857142857,7.630769230769232,+3.65,-40.68,44.4,46.6,13.2,+4.95,-70.27,1222,1269,1244,+3.85,+1.80,85.41,85.47,85.87,+0.07,+0.54,0.0,0.0,0.0,,,0.0,0.0,0.0,,,10324.958748009522,10737.886068003718,10360.517508990597,+4.00,+0.34
cs-classicmceliece348864-ascon128a-falcon512,Classic-McEliece-348864,Falcon-512,Ascon-128a,L1,275.496448,225.472077,126.849121,-18.16,-53.96,226.92728599999998,165.22415700000002,77.31307899999999,-27.19,-65.93,0.022931716535537314,0.02164012486985823,0.01995854291675775,-5.63,-12.97,0,0,0,,,15.24137931034483,41.0344827586207,89.39999999999999,+169.23,+486.56,50.8,66.0,94.6,+29.92,+86.22,58.913,72.549,82.289,+23.15,+39.68,15.207407407407405,10.844444444444445,10.492,-28.69,-31.01,49.0,37.2,53.0,-24.08,+8.16,1304,1264,1150,-3.07,-11.81,88.03,85.07,84.9,-3.36,-3.56,0.0,0.0,0.0,,,0.0,0.0,0.0,,,11490.81010100781,11471.283160004532,10191.926377010532,-0.17,-11.30
cs-classicmceliece348864-ascon128a-mldsa44,Classic-McEliece-348864,ML-DSA-44,Ascon-128a,L1,367.762329,154.017355,360.134163,-58.12,-2.07,317.625023,100.20487,311.453534,-68.45,-1.94,0.020998946497629838,0.021668588818898483,0.02190327344904582,+3.19,+4.31,0,0,0,,,13.23571428571428,39.87407407407408,88.25862068965517,+201.26,+566.82,36.2,60.6,93.6,+67.40,+158.56,58.913,71.575,82.289,+21.49,+39.68,8.223076923076924,9.73846153846154,13.07777777777778,+18.43,+59.04,14.0,19.5,50.5,+39.29,+260.71,1208,1187,1268,-1.74,+4.97,84.44,85.89,84.39,+1.72,-0.06,0.0,0.0,0.0,,,0.0,0.0,0.0,,,11013.50489302422,10497.037989000091,11442.673195997486,-4.69,+3.90
cs-classicmceliece348864-ascon128a-sphincs128s,Classic-McEliece-348864,SPHINCS+-SHA2-128s-simple,Ascon-128a,L1,895.147856,818.353566,995.401061,-8.58,+11.20,848.6144509999999,754.8236539999999,906.6110090000001,-11.05,+6.83,0.021400509239025464,0.02127849974909682,0.020465682030345534,-0.57,-4.37,0,0,0,,,15.346428571428572,39.707142857142856,89.2851851851852,+158.74,+481.80,33.8,61.3,94.6,+81.36,+179.88,60.374,71.088,82.776,+17.75,+37.11,26.018518518518515,13.785185185185183,13.28,-47.02,-48.96,61.5,51.2,35.6,-16.75,-42.11,1204,1206,1188,+0.17,-1.33,84.15,84.16,84.53,+0.01,+0.45,0.0,0.0,0.0,,,0.0,0.0,0.0,,,10562.739300978137,10615.410045982571,9939.370683976449,+0.50,-5.90
cs-classicmceliece348864-chacha20poly1305-falcon512,Classic-McEliece-348864,Falcon-512,ChaCha20-Poly1305,L1,124.102004,120.243148,127.577587,-3.11,+2.80,71.56544799999999,68.91190100000001,75.12475700000002,-3.71,+4.97,0.02437115781051589,0.021607012850779338,0.02015632845885688,-11.34,-17.29,0,0,0,,,17.99310344827586,38.32592592592592,85.23571428571427,+113.00,+373.71,100.0,64.1,95.1,-35.90,-4.90,58.426,71.575,81.802,+22.51,+40.01,12.162962962962963,8.149999999999999,14.984615384615383,-32.99,+23.20,33.1,17.2,49.9,-48.04,+50.76,1254,1187,1230,-5.34,-1.91,84.6,85.85,84.69,+1.48,+0.11,0.0,0.0,0.0,,,0.0,0.0,0.0,,,11453.53873501881,10526.952595013427,11192.911469988758,-8.09,-2.28
cs-classicmceliece348864-chacha20poly1305-mldsa44,Classic-McEliece-348864,ML-DSA-44,ChaCha20-Poly1305,L1,176.150893,120.875354,251.223669,-31.38,+42.62,131.090846,69.616273,197.30343699999997,-46.89,+50.51,0.020623333180154243,0.022547695568517483,0.020008999030974153,+9.33,-2.98,0,0,0,,,15.721428571428572,41.725000000000016,88.88846153846151,+165.40,+465.40,53.3,72.0,94.6,+35.08,+77.49,59.4,72.549,83.263,+22.14,+40.17,9.976923076923079,15.215384615384616,15.439999999999998,+52.51,+54.76,46.5,55.6,60.1,+19.57,+29.25,1225,1204,1150,-1.71,-6.12,85.59,84.05,85.22,-1.80,-0.43,0.0,0.0,0.0,,,0.0,0.0,0.0,,,10960.788832016988,11009.90561299841,10166.22569100582,+0.45,-7.25
cs-classicmceliece348864-chacha20poly1305-sphincs128s,Classic-McEliece-348864,SPHINCS+-SHA2-128s-simple,ChaCha20-Poly1305,L1,916.631469,924.527773,1123.958688,+0.86,+22.62,877.9192180000001,884.9089299999999,1036.678518,+0.80,+18.08,0.020459252013780363,0.021774085321957008,0.021005904238766717,+6.43,+2.67,0,0,0,,,13.79310344827586,40.60000000000001,88.81481481481481,+194.35,+543.91,36.6,61.5,96.0,+68.03,+162.30,59.4,71.088,82.776,+19.68,+39.35,18.196296296296296,12.959259259259259,7.035999999999998,-28.78,-61.33,57.4,36.3,11.7,-36.76,-79.62,1272,1229,1182,-3.38,-7.08,85.78,85.71,84.59,-0.08,-1.39,0.0,0.0,0.0,,,0.0,0.0,0.0,,,11107.346439006506,10436.626689013792,9651.000866026152,-6.04,-13.11
cs-classicmceliece460896-aesgcm-mldsa65,Classic-McEliece-460896,ML-DSA-65,AES-256-GCM,L3,257.363268,227.432923,331.511389,-11.63,+28.81,185.441076,149.24424399999998,238.07205599999995,-19.52,+28.38,0.021634008191166502,0.02066717538687766,0.021253771298979006,-4.47,-1.76,0,0,0,,,14.693103448275862,39.43666666666668,88.36296296296297,+168.40,+501.39,35.9,60.0,94.7,+67.13,+163.79,60.374,73.036,81.315,+20.97,+34.69,15.833333333333334,13.710714285714287,7.226923076923077,-13.41,-54.36,56.1,37.4,14.0,-33.33,-75.04,1250,1314,1203,+5.12,-3.76,84.36,85.53,85.83,+1.39,+1.74,0.0,0.0,0.0,,,0.0,0.0,0.0,,,11494.495046994416,12032.219949993305,10716.592213022523,+4.68,-6.77
cs-classicmceliece460896-aesgcm-sphincs192s,Classic-McEliece-460896,SPHINCS+-SHA2-192s-simple,AES-256-GCM,L3,48185.70030698902,48173.27967798337,48368.8982980093,-0.03,+0.38,,,,,,,,,,,0,0,0,,,12.755208333333334,38.38645833333333,87.5557894736842,+200.95,+586.43,36.5,60.3,96.6,+65.21,+164.66,59.887,74.01,81.315,+23.58,+35.78,,,,,,,,,,,4162,4161,4179,-0.02,+0.41,84.84,84.71,84.87,-0.15,+0.04,0.0,0.0,0.0,,,0.0,0.0,0.0,,,226.98471500189044,302.71648400230333,222.12065898929723,+33.36,-2.14
cs-classicmceliece460896-ascon128a-mldsa65,Classic-McEliece-460896,ML-DSA-65,Ascon-128a,L3,563.595202,228.903168,279.648435,-59.39,-50.38,530.838171,140.29499800000002,188.06261200000003,-73.57,-64.57,0.02106755567106799,0.020716709021116924,0.020284787653655108,-1.67,-3.72,0,0,0,,,13.763333333333337,39.71785714285714,89.65714285714283,+188.58,+551.42,38.6,67.0,97.5,+73.58,+152.59,60.374,72.549,82.776,+20.17,+37.11,10.160714285714288,6.961538461538461,15.307692307692308,-31.49,+50.66,50.1,10.4,55.2,-79.24,+10.18,1306,1226,1226,-6.13,-6.13,85.23,85.51,84.49,+0.33,-0.87,0.0,0.0,0.0,,,0.0,0.0,0.0,,,11803.552527999273,11029.164901003242,11113.747101975605,-6.56,-5.84
cs-classicmceliece460896-ascon128a-sphincs192s,Classic-McEliece-460896,SPHINCS+-SHA2-192s-simple,Ascon-128a,L3,2040.79843,1647.171461,1947.620755,-19.29,-4.57,1991.430778,1595.847227,1869.2790989999999,-19.86,-6.13,0.021679231545052267,0.020732100939327446,0.020836389781754512,-4.37,-3.89,0,0,0,,,15.166666666666664,39.746428571428574,88.47777777777777,+162.06,+483.37,40.5,61.1,95.2,+50.86,+135.06,61.348,74.497,83.263,+21.43,+35.72,17.392857142857142,13.465384615384616,7.572,-22.58,-56.46,56.8,47.7,13.7,-16.02,-75.88,1291,1203,1205,-6.82,-6.66,84.24,84.04,85.81,-0.24,+1.86,0.0,0.0,0.0,,,0.0,0.0,0.0,,,10412.5461980002,9803.155049012275,8839.535156002967,-5.85,-15.11
cs-classicmceliece460896-chacha20poly1305-mldsa65,Classic-McEliece-460896,ML-DSA-65,ChaCha20-Poly1305,L3,304.865641,263.173486,687.455664,-13.68,+125.49,230.125039,187.873641,636.386367,-18.36,+176.54,0.021476537626885114,0.0205103367988952,0.021381043748110066,-4.50,-0.44,0,0,0,,,15.351851851851848,40.99999999999999,89.24285714285713,+167.07,+481.32,34.9,60.9,96.1,+74.50,+175.36,61.835,72.549,82.289,+17.33,+33.08,7.6038461538461535,23.073076923076933,8.777777777777779,+203.44,+15.44,17.4,55.9,28.4,+221.26,+63.22,1183,1208,1251,+2.11,+5.75,85.75,84.39,85.84,-1.59,+0.10,0.0,0.0,0.0,,,0.0,0.0,0.0,,,10511.564011016162,11006.74270800664,10621.74525600858,+4.71,+1.05
cs-classicmceliece460896-chacha20poly1305-sphincs192s,Classic-McEliece-460896,SPHINCS+-SHA2-192s-simple,ChaCha20-Poly1305,L3,1623.997561,1706.113436,2473.14408,+5.06,+52.29,1560.64623,1661.363065,2386.619389,+6.45,+52.93,0.02218679840883333,0.021264038629121993,0.02026648249106088,-4.16,-8.66,0,0,0,,,13.479310344827587,40.94666666666665,88.93666666666668,+203.77,+559.80,35.6,57.6,96.5,+61.80,+171.07,60.374,73.523,82.289,+21.78,+36.30,8.014285714285714,9.185714285714287,14.517857142857142,+14.62,+81.15,15.0,16.2,53.7,+8.00,+258.00,1270,1313,1330,+3.39,+4.72,85.73,85.46,85.08,-0.31,-0.76,0.0,0.0,0.0,,,0.0,0.0,0.0,,,10235.9969120007,10655.736849992536,10018.512096983613,+4.10,-2.12
cs-classicmceliece8192128-aesgcm-falcon1024,Classic-McEliece-8192128,Falcon-1024,AES-256-GCM,L5,678.443304,970.326321,551.434585,+43.02,-18.72,527.9162259999999,720.8142489999999,399.980138,+36.54,-24.23,0.021131903310393704,0.021645901154552675,0.0202128234740326,+2.43,-4.35,0,0,0,,,14.682142857142859,40.27499999999999,89.2103448275862,+174.31,+507.61,36.3,61.6,95.6,+69.70,+163.36,61.348,73.523,82.776,+19.85,+34.93,15.770370370370374,14.514814814814814,9.122222222222222,-7.96,-42.16,59.8,42.4,38.7,-29.10,-35.28,1225,1226,1270,+0.08,+3.67,85.55,85.43,84.43,-0.14,-1.31,0.0,0.0,0.0,,,0.0,0.0,0.0,,,10806.030892999843,10428.579451981932,11302.527838008245,-3.49,+4.59
cs-classicmceliece8192128-aesgcm-mldsa87,Classic-McEliece-8192128,ML-DSA-87,AES-256-GCM,L5,505.262759,535.317922,689.119751,+5.95,+36.39,367.32495900000004,388.94935300000003,546.2917000000001,+5.89,+48.72,0.020967490321708037,0.02099284894284255,0.019768313309346808,+0.12,-5.72,0,0,0,,,15.517857142857142,40.95357142857142,89.65925925925923,+163.91,+477.78,39.6,61.2,96.6,+54.55,+143.94,61.835,73.523,83.263,+18.90,+34.65,11.165384615384614,9.82962962962963,9.330769230769231,-11.96,-16.43,32.2,30.6,53.1,-4.97,+64.91,1229,1209,1188,-1.63,-3.34,85.85,84.42,84.83,-1.67,-1.19,0.0,0.0,0.0,,,0.0,0.0,0.0,,,11007.135163003113,10818.160060996888,10288.384083018173,-1.72,-6.53
cs-classicmceliece8192128-aesgcm-sphincs256s,Classic-McEliece-8192128,SPHINCS+-SHA2-256s-simple,AES-256-GCM,L5,1650.78528,1774.73047,1978.072534,+7.51,+19.83,1525.246386,1620.3277150000001,1870.0168589999998,+6.23,+22.60,0.020860910165462467,0.020152244737535182,0.01918852032194311,-3.40,-8.02,0,0,0,,,14.463333333333335,41.06206896551724,88.31071428571428,+183.90,+510.58,39.9,60.8,95.6,+52.38,+139.60,60.861,74.497,82.776,+22.41,+36.01,11.007142857142856,13.214285714285717,13.54814814814815,+20.05,+23.09,25.8,51.8,65.9,+100.78,+155.43,1289,1268,1245,-1.63,-3.41,84.07,85.39,85.46,+1.57,+1.65,0.0,0.0,0.0,,,0.0,0.0,0.0,,,10821.004366996931,10074.11346200388,9415.629603987327,-6.90,-12.99
cs-classicmceliece8192128-ascon128a-falcon1024,Classic-McEliece-8192128,Falcon-1024,Ascon-128a,L5,678.764612,955.310417,3341.552587,+40.74,+392.30,549.110328,736.131131,3193.7852749999997,+34.06,+481.63,0.02086692182983525,0.020773989339775912,0.019420378521581832,-0.45,-6.93,0,0,0,,,13.967857142857143,41.803448275862074,88.93571428571427,+199.28,+536.72,35.7,100.0,96.1,+180.11,+169.19,60.861,74.01,81.802,+21.60,+34.41,9.776923076923078,11.10357142857143,16.47307692307692,+13.57,+68.49,44.1,43.0,53.8,-2.49,+22.00,1203,1268,1240,+5.40,+3.08,84.08,85.39,85.17,+1.56,+1.30,0.0,0.0,0.0,,,0.0,0.0,0.0,,,10801.018082012888,10929.436628008261,8124.661412992282,+1.19,-24.78
cs-classicmceliece8192128-ascon128a-mldsa87,Classic-McEliece-8192128,ML-DSA-87,Ascon-128a,L5,507.142772,1344.141732,1243.081194,+165.04,+145.11,373.12269,1212.504365,1088.4976020000001,+224.96,+191.73,0.021794000375820088,0.020489616795983746,0.02139616251092938,-5.99,-1.83,0,0,0,,,15.21851851851852,40.207142857142856,88.97037037037036,+164.20,+484.62,35.8,61.9,95.1,+72.91,+165.64,60.861,74.01,82.776,+21.60,+36.01,10.576923076923077,14.92962962962963,10.107692307692306,+41.15,-4.44,36.8,69.2,54.5,+88.04,+48.10,1186,1209,1202,+1.94,+1.35,85.95,84.47,85.84,-1.72,-0.13,0.0,0.0,0.0,,,0.0,0.0,0.0,,,10501.238691998878,10000.772686005803,9489.552151993848,-4.77,-9.63
cs-classicmceliece8192128-ascon128a-sphincs256s,Classic-McEliece-8192128,SPHINCS+-SHA2-256s-simple,Ascon-128a,L5,2161.493931,2103.131915,2534.042975,-2.70,+17.24,2032.2064540000001,1955.157557,2368.857414,-3.79,+16.57,0.02134615521968834,0.020753346000713286,0.020453732237743036,-2.78,-4.18,0,0,0,,,14.120689655172416,41.07407407407408,88.44285714285715,+190.88,+526.34,43.1,62.6,96.5,+45.24,+123.90,60.861,74.01,82.776,+21.60,+36.01,16.129629629629626,12.788461538461537,9.780769230769232,-20.71,-39.36,70.8,54.7,33.4,-22.74,-52.82,1267,1182,1237,-6.71,-2.37,85.41,85.44,84.9,+0.04,-0.60,0.0,0.0,0.0,,,0.0,0.0,0.0,,,9661.69307200471,8713.004640012514,8814.039310993394,-9.82,-8.77
cs-classicmceliece8192128-chacha20poly1305-falcon1024,Classic-McEliece-8192128,Falcon-1024,ChaCha20-Poly1305,L5,676.658074,907.523428,740.121681,+34.12,+9.38,567.475761,756.912749,600.3991410000001,+33.38,+5.80,0.02109320967042017,0.02177644290349926,0.02029347515743105,+3.24,-3.79,0,0,0,,,15.103333333333335,41.364285714285714,88.43703703703703,+173.88,+485.55,36.8,65.0,95.5,+76.63,+159.51,60.374,74.984,83.75,+24.20,+38.72,7.55,16.496296296296293,9.351999999999999,+118.49,+23.87,14.0,66.4,23.1,+374.29,+65.00,1315,1209,1187,-8.06,-9.73,85.76,84.35,84.54,-1.64,-1.42,0.0,0.0,0.0,,,0.0,0.0,0.0,,,11810.815133998403,10428.884138993453,10104.528594005387,-11.70,-14.45
cs-classicmceliece8192128-chacha20poly1305-mldsa87,Classic-McEliece-8192128,ML-DSA-87,ChaCha20-Poly1305,L5,507.496417,505.187588,2113.807204,-0.45,+316.52,367.912478,372.32276899999994,1970.748958,+1.20,+435.66,0.020504894459027513,0.020816877502164367,0.01977366941472775,+1.52,-3.57,0,0,0,,,14.671428571428567,40.839285714285715,88.95714285714284,+178.36,+506.33,37.6,63.6,96.5,+69.15,+156.65,61.835,73.523,83.263,+18.90,+34.65,18.476923076923075,12.75185185185185,9.469230769230771,-30.98,-48.75,67.2,46.9,25.6,-30.21,-61.90,1204,1226,1226,+1.83,+1.83,84.11,85.42,84.29,+1.56,+0.21,0.0,0.0,0.0,,,0.0,0.0,0.0,,,11008.883778995369,10826.984017010545,9186.76226399839,-1.65,-16.55
cs-classicmceliece8192128-chacha20poly1305-sphincs256s,Classic-McEliece-8192128,SPHINCS+-SHA2-256s-simple,ChaCha20-Poly1305,L5,2269.104064,2250.129025,1894.085204,-0.84,-16.53,2152.4598119999996,1971.540252,1732.114233,-8.41,-19.53,0.021432262317884386,0.02101769506520744,0.019259197071837573,-1.93,-10.14,0,0,0,,,15.05185185185185,40.482758620689665,87.89999999999999,+168.96,+483.98,35.9,65.8,95.5,+83.29,+166.02,60.374,74.497,83.75,+23.39,+38.72,17.50384615384616,10.003703703703705,10.061538461538463,-42.85,-42.52,55.8,24.3,44.6,-56.45,-20.07,1176,1250,1226,+6.29,+4.25,85.28,84.31,84.16,-1.14,-1.31,0.0,0.0,0.0,,,0.0,0.0,0.0,,,8694.555769994622,9716.384188010124,9381.076444988139,+11.75,+7.90
cs-hqc128-aesgcm-falcon512,HQC-128,Falcon-512,AES-256-GCM,L1,57.799102,55.876785,79.741406,-3.33,+37.96,54.302454000000004,53.093295,67.895332,-2.23,+25.03,0.021797676206307758,0.02161221706091231,0.02018844532967839,-0.85,-7.38,0,0,0,,,13.61034482758621,40.517241379310335,88.75357142857145,+197.69,+552.10,34.5,69.5,95.6,+101.45,+177.10,60.374,72.549,82.289,+20.17,+36.30,23.37407407407407,10.170370370370371,14.44230769230769,-56.49,-38.21,36.4,44.4,49.7,+21.98,+36.54,1269,1273,1226,+0.32,-3.39,85.66,85.66,84.5,+0.00,-1.35,0.0,0.0,0.0,,,0.0,0.0,0.0,,,11484.893968998222,11551.614501018776,11175.105180998798,+0.58,-2.70
cs-hqc128-aesgcm-mldsa44,HQC-128,ML-DSA-44,AES-256-GCM,L1,61.433139,59.92018,68.318,-2.46,+11.21,56.502297000000006,52.565371000000006,61.594488999999996,-6.97,+9.01,0.022543006523099453,0.02256866140747532,0.021431725548700827,+0.11,-4.93,0,0,0,,,14.635714285714286,39.95172413793104,88.94814814814812,+172.97,+507.75,36.5,64.7,94.1,+77.26,+157.81,59.4,72.549,82.776,+22.14,+39.35,10.92962962962963,10.89259259259259,12.664000000000001,-0.34,+15.87,54.0,44.8,54.2,-17.04,+0.37,1225,1249,1187,+1.96,-3.10,85.59,84.2,84.62,-1.62,-1.13,0.0,0.0,0.0,,,0.0,0.0,0.0,,,11011.840844992548,11138.63137300359,10713.463061023504,+1.15,-2.71
cs-hqc128-aesgcm-sphincs128s,HQC-128,SPHINCS+-SHA2-128s-simple,AES-256-GCM,L1,722.784888,698.03344,820.905852,-3.42,+13.58,718.0824680000001,692.651577,809.953447,-3.54,+12.79,0.021475789474063943,0.022714304889673805,0.020265428315228644,+5.77,-5.64,0,0,0,,,14.423333333333336,41.092592592592595,88.9148148148148,+184.90,+516.47,39.5,58.5,93.6,+48.10,+136.96,59.4,73.523,83.263,+23.78,+40.17,23.210714285714285,14.826923076923077,13.346153846153843,-36.12,-42.50,47.8,34.9,80.0,-26.99,+67.36,1315,1187,1183,-9.73,-10.04,85.64,85.79,84.4,+0.18,-1.45,0.0,0.0,0.0,,,0.0,0.0,0.0,,,11640.643074002583,10093.375126976753,10096.801154024433,-13.29,-13.26
cs-hqc128-ascon128a-falcon512,HQC-128,Falcon-512,Ascon-128a,L1,54.754964,63.283238,63.850759,+15.58,+16.61,51.80989,53.364185000000006,58.306191,+3.00,+12.54,0.022765885788695022,0.02161605142783426,0.020096764429543064,-5.05,-11.72,0,0,0,,,13.232142857142858,40.97037037037036,88.50714285714285,+209.63,+568.88,35.4,65.0,93.6,+83.62,+164.41,60.374,73.036,82.289,+20.97,+36.30,21.023076923076925,12.280769230769229,6.96923076923077,-41.58,-66.85,72.4,62.7,10.9,-13.40,-84.94,1209,1187,1228,-1.82,+1.57,84.54,85.81,84.4,+1.50,-0.17,0.0,0.0,0.0,,,0.0,0.0,0.0,,,10996.45330401836,10512.928355979966,11226.085711008636,-4.40,+2.09
cs-hqc128-ascon128a-mldsa44,HQC-128,ML-DSA-44,Ascon-128a,L1,60.812254,66.043058,70.251795,+8.60,+15.52,55.279224,57.655105,58.02552300000001,+4.30,+4.97,0.021561110403809255,0.021781973928536473,0.021204777732977995,+1.02,-1.65,0,0,0,,,14.862962962962964,39.65517241379311,89.27777777777776,+166.81,+500.67,37.9,60.6,95.6,+59.89,+152.24,58.913,72.549,82.289,+23.15,+39.68,14.69230769230769,9.86296296296296,9.657692307692306,-32.87,-34.27,51.4,22.3,52.3,-56.61,+1.75,1183,1248,1208,+5.49,+2.11,85.65,84.11,85.99,-1.80,+0.40,0.0,0.0,0.0,,,0.0,0.0,0.0,,,10484.0611529944,11518.882578006014,10723.99828300695,+9.87,+2.29
cs-hqc128-ascon128a-sphincs128s,HQC-128,SPHINCS+-SHA2-128s-simple,Ascon-128a,L1,679.838459,675.517254,881.259915,-0.64,+29.63,680.82104,664.233936,878.1467729999999,-2.44,+28.98,0.02237125140920719,0.02032700400672467,0.020295850902468927,-9.14,-9.28,0,0,0,,,14.675862068965515,40.282758620689656,88.45517241379308,+174.48,+502.73,40.3,59.2,97.6,+46.90,+142.18,60.861,72.549,83.263,+19.20,+36.81,8.399999999999999,11.11111111111111,19.62222222222222,+32.28,+133.60,15.6,43.9,78.6,+181.41,+403.85,1272,1271,1290,-0.08,+1.42,85.78,85.61,85.59,-0.20,-0.22,0.0,0.0,0.0,,,0.0,0.0,0.0,,,11307.3692379985,11303.977700008545,11115.966563025722,-0.03,-1.69
cs-hqc128-chacha20poly1305-falcon512,HQC-128,Falcon-512,ChaCha20-Poly1305,L1,54.786636,56.795472,62.021413,+3.67,+13.21,52.774476,54.580873000000004,63.520736,+3.42,+20.36,0.022587738925168736,0.022478450165715185,0.021240742734548436,-0.48,-5.96,0,0,0,,,15.689285714285717,40.35714285714287,89.12962962962962,+157.23,+468.09,33.8,65.0,93.7,+92.31,+177.22,59.887,72.549,82.289,+21.14,+37.41,18.353846153846156,7.080769230769233,10.632000000000003,-61.42,-42.07,56.5,13.7,51.8,-75.75,-8.32,1226,1223,1200,-0.24,-2.12,85.63,85.29,85.33,-0.40,-0.35,0.0,0.0,0.0,,,0.0,0.0,0.0,,,10990.033168985974,11035.992168996017,10739.737440017052,+0.42,-2.28
cs-hqc128-chacha20poly1305-mldsa44,HQC-128,ML-DSA-44,ChaCha20-Poly1305,L1,60.778482,63.300277,71.620451,+4.15,+17.84,54.075902000000006,59.489864000000004,63.44410599999999,+10.01,+17.32,0.021982000516014608,0.022646822780765536,0.020097922126346836,+3.02,-8.57,0,0,0,,,13.813793103448274,41.167857142857144,88.94285714285714,+198.02,+543.87,43.4,62.5,96.0,+44.01,+121.20,59.4,73.523,82.289,+23.78,+38.53,8.574074074074073,9.74074074074074,13.880769230769229,+13.61,+61.89,16.0,51.9,51.7,+224.38,+223.13,1251,1229,1225,-1.76,-2.08,84.44,85.69,84.21,+1.48,-0.27,0.0,0.0,0.0,,,0.0,0.0,0.0,,,11502.13784299558,11031.304586009355,11233.798130007926,-4.09,-2.33
cs-hqc128-chacha20poly1305-sphincs128s,HQC-128,SPHINCS+-SHA2-128s-simple,ChaCha20-Poly1305,L1,661.977267,703.804505,831.914421,+6.32,+25.67,659.098044,701.0221190000001,833.2576280000001,+6.36,+26.42,0.02194672710037837,0.020337474578337646,0.019766767581152627,-7.33,-9.93,0,0,0,,,14.36666666666667,40.220689655172414,88.62857142857145,+179.96,+516.90,36.2,60.6,95.5,+67.40,+163.81,60.374,72.549,82.776,+20.17,+37.11,9.323076923076924,12.385185185185186,10.23703703703704,+32.84,+9.80,14.6,50.0,43.3,+242.47,+196.58,1182,1248,1250,+5.58,+5.75,85.6,84.12,86.01,-1.73,+0.48,0.0,0.0,0.0,,,0.0,0.0,0.0,,,10299.850131006679,11114.851016987814,10408.985644986387,+7.91,+1.06
cs-hqc192-aesgcm-mldsa65,HQC-192,ML-DSA-65,AES-256-GCM,L3,155.75606,160.89368,193.596217,+3.30,+24.29,159.84991500000004,165.213368,200.25533099999998,+3.36,+25.28,0.021627615028111117,0.022567798605100647,0.020652604027507696,+4.35,-4.51,0,0,0,,,14.011111111111111,41.292857142857144,88.29999999999998,+194.72,+530.21,39.4,61.3,93.6,+55.58,+137.56,60.861,74.984,82.289,+23.21,+35.21,17.411538461538463,14.000000000000002,8.348,-19.59,-52.05,55.6,29.4,35.7,-47.12,-35.79,1186,1224,1160,+3.20,-2.19,85.9,85.38,85.7,-0.61,-0.23,0.0,0.0,0.0,,,0.0,0.0,0.0,,,10500.649271998554,10972.80263499124,9847.86227098084,+4.50,-6.22
cs-hqc192-aesgcm-sphincs192s,HQC-192,SPHINCS+-SHA2-192s-simple,AES-256-GCM,L3,1537.013837,1556.55594,1543.766429,+1.27,+0.44,1533.091129,1560.028163,1548.6329640000001,+1.76,+1.01,0.021849915206075314,0.022145505010084224,0.020458172604884174,+1.35,-6.37,0,0,0,,,14.934482758620693,40.334482758620695,88.74285714285713,+170.08,+494.21,37.4,61.7,94.7,+64.97,+153.21,61.348,72.062,82.776,+17.46,+34.93,13.54814814814815,12.555555555555555,8.207692307692309,-7.33,-39.42,67.3,48.6,13.9,-27.79,-79.35,1268,1266,1248,-0.16,-1.58,85.51,85.38,85.95,-0.15,+0.51,0.0,0.0,0.0,,,0.0,0.0,0.0,,,10301.550275005866,10318.301610008348,9995.418650010834,+0.16,-2.97
cs-hqc192-ascon128a-mldsa65,HQC-192,ML-DSA-65,Ascon-128a,L3,155.061508,154.064803,229.683216,-0.64,+48.12,157.38719600000002,156.84694100000004,230.01692400000002,-0.34,+46.15,0.02264695094996382,0.021543504908745976,0.020178380342315894,-4.87,-10.90,0,0,0,,,13.924999999999999,40.81724137931034,88.75357142857142,+193.12,+537.37,36.5,60.0,93.7,+64.38,+156.71,60.374,73.036,83.75,+20.97,+38.72,7.38846153846154,9.135714285714284,15.076923076923077,+23.65,+104.06,15.1,19.0,45.8,+25.83,+203.31,1209,1268,1226,+4.88,+1.41,84.49,85.46,84.33,+1.15,-0.19,0.0,0.0,0.0,,,0.0,0.0,0.0,,,11000.509541016072,11510.4761760158,11196.141423017252,+4.64,+1.78
cs-hqc192-ascon128a-sphincs192s,HQC-192,SPHINCS+-SHA2-192s-simple,Ascon-128a,L3,1650.771431,1646.085152,1596.25226,-0.28,-3.30,1652.154469,1649.450156,1604.9869210000002,-0.16,-2.85,0.020831456935745184,0.019668309403949695,0.02099258751475452,-5.58,+0.77,0,0,0,,,14.489285714285714,39.91034482758621,89.59642857142855,+175.45,+518.36,38.7,61.0,95.0,+57.62,+145.48,61.348,72.062,83.75,+17.46,+36.52,11.966666666666665,16.770370370370376,8.35,+40.14,-30.22,56.8,61.4,17.3,+8.10,-69.54,1225,1252,1230,+2.20,+0.41,85.57,84.36,84.45,-1.41,-1.31,0.0,0.0,0.0,,,0.0,0.0,0.0,,,9748.334004019853,10306.93568199058,9836.996027996065,+5.73,+0.91
cs-hqc192-chacha20poly1305-mldsa65,HQC-192,ML-DSA-65,ChaCha20-Poly1305,L3,154.527736,152.547115,176.080405,-1.28,+13.95,157.498003,155.313177,174.265808,-1.39,+10.65,0.021926895562327152,0.021438840658925852,0.021459989136102815,-2.23,-2.13,0,0,0,,,14.824137931034485,40.25555555555556,88.3758620689655,+171.55,+496.16,35.4,62.9,94.6,+77.68,+167.23,60.374,72.549,83.263,+20.17,+37.91,10.348148148148148,16.346153846153843,8.453571428571427,+57.96,-18.31,40.4,66.2,24.4,+63.86,-39.60,1269,1162,1282,-8.43,+1.02,85.6,84.2,85.13,-1.64,-0.55,0.0,0.0,0.0,,,0.0,0.0,0.0,,,11497.842879005475,10499.075186991831,11637.657335988479,-8.69,+1.22
cs-hqc192-chacha20poly1305-sphincs192s,HQC-192,SPHINCS+-SHA2-192s-simple,ChaCha20-Poly1305,L3,1425.392202,1504.930305,1652.427161,+5.58,+15.93,1421.551479,1504.824772,1642.276394,+5.86,+15.53,0.02143121805182175,0.02176908018706125,0.01961803357456079,+1.58,-8.46,0,0,0,,,14.555555555555557,41.0,88.82592592592593,+181.68,+510.25,35.7,59.5,100.0,+66.67,+180.11,60.374,74.497,83.75,+23.39,+38.72,14.953846153846154,14.369230769230768,11.819230769230769,-3.91,-20.96,41.5,33.2,47.5,-20.00,+14.46,1160,1182,1182,+1.90,+1.90,84.15,85.44,84.44,+1.53,+0.34,0.0,0.0,0.0,,,0.0,0.0,0.0,,,9491.574371000752,9320.375424984377,9209.485716972267,-1.80,-2.97
cs-hqc256-aesgcm-falcon1024,HQC-256,Falcon-1024,AES-256-GCM,L5,271.670393,273.620406,302.899452,+0.72,+11.50,283.708931,286.604236,334.456202,+1.02,+17.89,0.021805013725857966,0.021689387133038224,0.020572185282518276,-0.53,-5.65,0,0,0,,,14.710344827586209,40.52758620689655,88.91538461538462,+175.50,+504.44,37.3,60.6,95.6,+62.47,+156.30,61.348,74.497,83.263,+21.43,+35.72,10.78888888888889,13.659259259259262,7.768000000000001,+26.60,-28.00,50.4,64.8,15.3,+28.57,-69.64,1254,1252,1141,-0.16,-9.01,84.61,84.32,84.25,-0.34,-0.43,0.0,0.0,0.0,,,0.0,0.0,0.0,,,11456.814617995406,11518.2599889813,10025.575657986337,+0.54,-12.49
cs-hqc256-aesgcm-mldsa87,HQC-256,ML-DSA-87,AES-256-GCM,L5,276.063718,272.580351,314.279779,-1.26,+13.84,288.8896649999999,285.789077,350.89495000000005,-1.07,+21.46,0.02059351031217412,0.02249806531925603,0.020286749181273538,+9.25,-1.49,0,0,0,,,14.957142857142859,41.18928571428574,88.72307692307693,+175.38,+493.18,42.9,59.7,96.0,+39.16,+123.78,61.835,73.523,83.75,+18.90,+35.44,15.325925925925926,15.359259259259261,10.132,+0.22,-33.89,58.6,50.9,35.8,-13.14,-38.91,1225,1226,1164,+0.08,-4.98,85.63,85.44,85.91,-0.22,+0.33,0.0,0.0,0.0,,,0.0,0.0,0.0,,,11004.631875024643,11027.437092008768,10048.726790992077,+0.21,-8.69
cs-hqc256-aesgcm-sphincs256s,HQC-256,SPHINCS+-SHA2-256s-simple,AES-256-GCM,L5,1469.890367,1358.535345,1549.031697,-7.58,+5.38,1494.445056,1385.027909,1567.972375,-7.32,+4.92,0.020434980587276965,0.020467424816252876,0.01941675576775263,+0.16,-4.98,0,0,0,,,15.028571428571428,40.525,89.13703703703705,+169.65,+493.12,38.5,60.0,96.5,+55.84,+150.65,61.835,72.549,83.75,+17.33,+35.44,13.996153846153847,10.346153846153847,7.460000000000003,-26.08,-46.70,40.7,46.2,13.6,+13.51,-66.58,1207,1208,1183,+0.08,-1.99,84.39,84.38,84.37,-0.01,-0.02,0.0,0.0,0.0,,,0.0,0.0,0.0,,,10002.064798987703,10003.407943993807,9283.116199017968,+0.01,-7.19
cs-hqc256-ascon128a-falcon1024,HQC-256,Falcon-1024,Ascon-128a,L5,271.176916,282.726845,362.881679,+4.26,+33.82,284.66587400000003,292.750443,396.022693,+2.84,+39.12,0.02068832481082159,0.022156737824031898,0.02061936402085712,+7.10,-0.33,0,0,0,,,14.282142857142855,40.21481481481482,88.77499999999999,+181.57,+521.58,32.8,61.0,96.1,+85.98,+192.99,61.835,74.497,83.263,+20.48,+34.65,11.073076923076924,11.349999999999998,6.865384615384614,+2.50,-38.00,68.3,41.8,13.5,-38.80,-80.23,1209,1167,1245,-3.47,+2.98,84.54,84.42,85.92,-0.14,+1.63,0.0,0.0,0.0,,,0.0,0.0,0.0,,,10977.39918899606,10432.943777006585,10964.062701998046,-4.96,-0.12
cs-hqc256-ascon128a-mldsa87,HQC-256,ML-DSA-87,Ascon-128a,L5,270.00221,277.942784,311.172707,+2.94,+15.25,283.456191,290.4459800000001,324.64761699999997,+2.47,+14.53,0.02053479590798251,0.021520357790148815,0.02062597910026079,+4.80,+0.44,0,0,0,,,14.685714285714287,40.93793103448275,88.54285714285712,+178.76,+502.92,34.2,60.8,96.6,+77.78,+182.46,62.809,73.036,81.802,+16.28,+30.24,8.196153846153848,8.518518518518519,13.473076923076919,+3.93,+64.38,13.7,20.5,50.6,+49.64,+269.34,1225,1267,1246,+3.43,+1.71,85.62,85.33,85.72,-0.34,+0.12,0.0,0.0,0.0,,,0.0,0.0,0.0,,,11001.034585991874,11536.611167015508,11115.6905030075,+4.87,+1.04
cs-hqc256-ascon128a-sphincs256s,HQC-256,SPHINCS+-SHA2-256s-simple,Ascon-128a,L5,1399.920948,1481.428211,1632.635885,+5.82,+16.62,1419.404709,1496.7479839999999,1645.772465,+5.45,+15.95,0.020441085761750813,0.021984608710288785,0.01949666625035089,+7.55,-4.62,0,0,0,,,14.825000000000001,41.05555555555556,89.26296296296293,+176.93,+502.11,33.2,76.5,94.6,+130.42,+184.94,62.809,74.01,82.776,+17.83,+31.79,11.003846153846155,15.288461538461537,7.644,+38.94,-30.53,54.1,42.3,15.0,-21.81,-72.27,1207,1165,1194,-3.48,-1.08,84.38,84.32,85.27,-0.07,+1.05,0.0,0.0,0.0,,,0.0,0.0,0.0,,,9999.077464977745,9312.697018991457,9266.815038019558,-6.86,-7.32
cs-hqc256-chacha20poly1305-falcon1024,HQC-256,Falcon-1024,ChaCha20-Poly1305,L5,272.232278,277.829467,340.097901,+2.06,+24.93,286.566623,292.380555,367.65049899999997,+2.03,+28.29,0.020596912845146385,0.021569412050704492,0.021482584694685843,+4.72,+4.30,0,0,0,,,15.125,41.410344827586215,88.78275862068965,+173.79,+486.99,44.2,59.5,95.1,+34.62,+115.16,62.322,73.523,82.289,+17.97,+32.04,7.946153846153845,11.292592592592595,14.233333333333333,+42.11,+79.12,18.1,51.0,67.3,+181.77,+271.82,1225,1267,1274,+3.43,+4.00,85.6,85.36,84.54,-0.28,-1.24,0.0,0.0,0.0,,,0.0,0.0,0.0,,,10967.857256007846,11502.585208014352,11547.586266999133,+4.88,+5.29
cs-hqc256-chacha20poly1305-mldsa87,HQC-256,ML-DSA-87,ChaCha20-Poly1305,L5,271.088718,274.034575,309.545375,+1.09,+14.19,284.07712399999997,287.494956,339.20153899999997,+1.20,+19.40,0.02171794638932982,0.022061492494680177,0.02161968963842345,+1.58,-0.45,0,0,0,,,15.003448275862064,40.42413793103448,89.9241379310345,+169.43,+499.36,37.1,63.5,95.6,+71.16,+157.68,60.861,73.523,83.75,+20.80,+37.61,10.196296296296296,14.51111111111111,12.059259259259257,+42.32,+18.27,52.5,48.5,28.9,-7.62,-44.95,1252,1253,1290,+0.08,+3.04,84.5,84.5,85.47,+0.00,+1.15,0.0,0.0,0.0,,,0.0,0.0,0.0,,,11502.745034988038,11499.493973999051,11508.39832398924,-0.03,+0.05
cs-hqc256-chacha20poly1305-sphincs256s,HQC-256,SPHINCS+-SHA2-256s-simple,ChaCha20-Poly1305,L5,1296.7848,1416.754773,1710.274041,+9.25,+31.89,1303.066212,1426.6516550000001,1717.3762649999999,+9.48,+31.80,0.02116675903378443,0.020201871119570086,0.01940841683483457,-4.56,-8.31,0,0,0,,,14.913793103448274,40.653571428571425,88.69285714285716,+172.59,+494.70,37.0,62.6,97.0,+69.19,+162.16,62.322,74.01,83.263,+18.75,+33.60,14.996296296296293,11.792307692307693,10.096153846153847,-21.37,-32.68,55.6,63.4,37.2,+14.03,-33.09,1267,1224,1229,-3.39,-3.00,85.48,85.29,84.63,-0.22,-0.99,0.0,0.0,0.0,,,0.0,0.0,0.0,,,10664.646374993026,10034.714051987976,9324.202048010193,-5.91,-12.57
cs-mlkem1024-aesgcm-falcon1024,ML-KEM-1024,Falcon-1024,AES-256-GCM,L5,8.749149,13.894629,8.246158,+58.81,-5.75,1.816199,4.5405429999999996,2.2736520000000002,+150.00,+25.19,0.022852899322186048,0.022750236179031495,0.02157582497955873,-0.45,-5.59,0,0,0,,,14.389285714285714,40.16000000000001,89.15185185185184,+179.10,+519.57,38.8,62.0,95.1,+59.79,+145.10,62.809,74.01,83.75,+17.83,+33.34,13.549999999999999,8.414285714285715,13.700000000000001,-37.90,+1.11,46.1,12.6,52.0,-72.67,+12.80,1226,1311,1208,+6.93,-1.47,85.65,85.36,86.19,-0.34,+0.63,0.0,0.0,0.0,,,0.0,0.0,0.0,,,10894.022525986657,12050.863904994912,10686.034031998133,+10.62,-1.91
cs-mlkem1024-aesgcm-mldsa87,ML-KEM-1024,ML-DSA-87,AES-256-GCM,L5,16.779406,17.132745,18.263236,+2.11,+8.84,2.25278,2.507887,2.4936429999999996,+11.32,+10.69,0.0227902874224527,0.021877988498950753,0.020137829250741257,-4.00,-11.64,0,0,0,,,15.782142857142853,41.393103448275866,89.37142857142855,+162.28,+466.28,41.8,56.3,97.0,+34.69,+132.06,61.348,74.01,82.776,+20.64,+34.93,7.523076923076925,15.322222222222221,7.157692307692307,+103.67,-4.86,12.0,57.6,16.4,+380.00,+36.67,1208,1253,1246,+3.73,+3.15,84.45,84.43,85.55,-0.02,+1.30,0.0,0.0,0.0,,,0.0,0.0,0.0,,,10938.694865006255,11458.457435976015,11210.34433200839,+4.75,+2.48
cs-mlkem1024-aesgcm-sphincs256s,ML-KEM-1024,SPHINCS+-SHA2-256s-simple,AES-256-GCM,L5,1110.234815,1184.329558,1241.005879,+6.67,+11.78,1091.770363,1155.053254,1213.376221,+5.80,+11.14,0.02215434474789557,0.02092688735632742,0.021606433374594156,-5.54,-2.47,0,0,0,,,13.960714285714284,39.596296296296295,89.0758620689655,+183.63,+538.05,39.5,60.6,96.5,+53.42,+144.30,61.348,74.01,83.263,+20.64,+35.72,19.26666666666667,14.023076923076925,9.377777777777778,-27.22,-51.33,55.2,53.2,34.4,-3.62,-37.68,1206,1181,1284,-2.07,+6.47,84.28,85.4,85.4,+1.33,+1.33,0.0,0.0,0.0,,,0.0,0.0,0.0,,,10196.826065977803,9720.318006991874,10685.70624300628,-4.67,+4.79
cs-mlkem1024-ascon128a-falcon1024,ML-KEM-1024,Falcon-1024,Ascon-128a,L5,8.790556,11.10144,15.15819,+26.29,+72.44,1.72205,2.762817,3.318118,+60.44,+92.68,0.0215945277403159,0.021466492026393245,0.021230999938950914,-0.59,-1.68,0,0,0,,,13.386206896551725,39.370370370370374,88.47241379310344,+194.11,+560.92,33.0,64.5,95.7,+95.45,+190.00,60.861,74.01,82.289,+21.60,+35.21,17.63703703703704,11.234615384615385,11.625925925925925,-36.30,-34.08,66.6,36.2,35.1,-45.65,-47.30,1268,1181,1294,-6.86,+2.05,85.56,85.32,85.46,-0.28,-0.12,0.0,0.0,0.0,,,0.0,0.0,0.0,,,11512.916743988171,10517.6010930154,11795.58196599828,-8.65,+2.46
cs-mlkem1024-ascon128a-mldsa87,ML-KEM-1024,ML-DSA-87,Ascon-128a,L5,14.396216,15.511372,17.79333,+7.75,+23.60,3.414422,3.535083,4.555998000000001,+3.53,+33.43,0.022635091451310912,0.021493760041967062,0.021255950909578172,-5.04,-6.09,0,0,0,,,15.14642857142857,40.81724137931034,88.16666666666667,+169.48,+482.10,35.5,59.5,95.0,+67.61,+167.61,61.348,74.01,81.802,+20.64,+33.34,11.569230769230769,9.425925925925926,7.407692307692307,-18.53,-35.97,36.3,26.6,16.2,-26.72,-55.37,1208,1252,1185,+3.64,-1.90,84.44,84.4,84.71,-0.05,+0.32,0.0,0.0,0.0,,,0.0,0.0,0.0,,,10947.956650983542,11529.299643996637,10620.649293006863,+5.31,-2.99
cs-mlkem1024-ascon128a-sphincs256s,ML-KEM-1024,SPHINCS+-SHA2-256s-simple,Ascon-128a,L5,1175.53723,1232.563419,1252.451591,+4.85,+6.54,1141.336819,1214.93405,1231.359029,+6.45,+7.89,0.020939494148634677,0.020380783086742845,0.0200454011209236,-2.67,-4.27,0,0,0,,,13.44074074074074,40.103571428571435,88.91785714285713,+198.37,+561.55,36.2,55.2,96.6,+52.49,+166.85,61.835,73.036,81.802,+18.11,+32.29,11.24230769230769,15.053846153846157,13.381481481481481,+33.90,+19.03,43.3,48.9,58.1,+12.93,+34.18,1164,1204,1229,+3.44,+5.58,84.43,84.09,84.61,-0.40,+0.21,0.0,0.0,0.0,,,0.0,0.0,0.0,,,9689.632355002686,9980.774494004436,10194.85710299341,+3.00,+5.21
cs-mlkem1024-chacha20poly1305-falcon1024,ML-KEM-1024,Falcon-1024,ChaCha20-Poly1305,L5,11.134266,12.71535,16.133964,+14.20,+44.90,2.729905,2.02225,3.0890779999999998,-25.92,+13.16,0.022703484245053845,0.022627262815026,0.021442807074723652,-0.34,-5.55,0,0,0,,,14.946428571428571,41.31785714285714,88.7148148148148,+176.44,+493.55,33.7,60.5,94.6,+79.53,+180.71,61.835,74.01,82.776,+19.69,+33.87,10.588461538461539,10.457692307692309,8.603846153846154,-1.24,-18.74,53.9,52.1,25.9,-3.34,-51.95,1208,1209,1203,+0.08,-0.41,84.45,84.33,85.86,-0.14,+1.67,0.0,0.0,0.0,,,0.0,0.0,0.0,,,10988.269346999004,11033.062286005588,10619.878227997106,+0.41,-3.35
cs-mlkem1024-chacha20poly1305-mldsa87,ML-KEM-1024,ML-DSA-87,ChaCha20-Poly1305,L5,18.880799,14.384537,15.869558,-23.81,-15.95,4.271867,3.3155799999999997,3.275748,-22.39,-23.32,0.0229221929564549,0.022482853211123414,0.021642588126203552,-1.92,-5.58,0,0,0,,,13.603571428571428,39.739285714285714,89.0296296296296,+192.12,+554.46,35.5,60.9,95.1,+71.55,+167.89,61.348,73.523,83.263,+19.85,+35.72,10.803846153846154,9.974074074074075,15.663999999999996,-7.68,+44.99,35.7,39.4,62.5,+10.36,+75.07,1225,1225,1188,+0.00,-3.02,85.6,85.45,84.95,-0.18,-0.76,0.0,0.0,0.0,,,0.0,0.0,0.0,,,10993.014519975986,11021.732769993832,10675.98748599994,+0.26,-2.88
cs-mlkem1024-chacha20poly1305-sphincs256s,ML-KEM-1024,SPHINCS+-SHA2-256s-simple,ChaCha20-Poly1305,L5,1145.156444,1091.196734,1364.182877,-4.71,+19.13,1126.4737460000001,1074.064435,1336.33573,-4.65,+18.63,0.02104972089827264,0.020624578283387606,0.020232429809137305,-2.02,-3.88,0,0,0,,,14.789655172413791,40.65517241379311,88.2076923076923,+174.89,+496.41,36.9,64.5,93.1,+74.80,+152.30,62.809,74.497,83.75,+18.61,+33.34,8.748148148148148,13.60740740740741,8.1,+55.55,-7.41,15.4,57.0,16.3,+270.13,+5.84,1268,1269,1138,+0.08,-10.25,85.45,85.37,84.6,-0.09,-0.99,0.0,0.0,0.0,,,0.0,0.0,0.0,,,10717.861822980922,10938.793361012358,8929.82215702068,+2.06,-16.68
cs-mlkem512-aesgcm-falcon512,ML-KEM-512,Falcon-512,AES-256-GCM,L1,12.80359,11.60044,81.383999,-9.40,+535.63,5.687285,4.758667999999999,66.200595,-16.33,+1064.01,0.0215488613308767,0.02252544704399631,0.02006677691168771,+4.53,-6.88,0,0,0,,,14.274074074074077,40.24642857142857,89.30769230769229,+181.95,+525.66,36.0,61.0,96.0,+69.44,+166.67,59.887,72.062,83.263,+20.33,+39.03,11.092307692307694,6.6269230769230765,7.416,-40.26,-33.14,39.3,13.8,12.0,-64.89,-69.47,1162,1204,1162,+3.61,+0.00,84.29,84.1,85.73,-0.23,+1.71,0.0,0.0,0.0,,,0.0,0.0,0.0,,,10490.0206339953,11012.966779991984,10217.48539400869,+4.99,-2.60
cs-mlkem512-aesgcm-mldsa44,ML-KEM-512,ML-DSA-44,AES-256-GCM,L1,14.341057,13.513738,18.677229,-5.77,+30.24,2.452825,1.875631,2.775188,-23.53,+13.14,0.022825906211414712,0.022832737655846102,0.02213982360909884,+0.03,-3.01,0,0,0,,,15.089285714285717,40.23928571428571,88.55000000000003,+166.67,+486.84,36.8,58.8,96.1,+59.78,+161.14,61.348,73.523,82.289,+19.85,+34.13,10.562962962962963,12.770370370370372,16.37307692307692,+20.90,+55.00,54.1,100.0,56.0,+84.84,+3.51,1231,1225,1248,-0.49,+1.38,85.95,85.42,85.82,-0.62,-0.15,0.0,0.0,0.0,,,0.0,0.0,0.0,,,11002.936648990726,10906.44511199207,11201.895931008039,-0.88,+1.81
cs-mlkem512-aesgcm-sphincs128s,ML-KEM-512,SPHINCS+-SHA2-128s-simple,AES-256-GCM,L1,655.132674,630.635313,726.627203,-3.74,+10.91,644.781687,616.12154,706.856442,-4.44,+9.63,0.02190416993554937,0.020813682359006647,0.021451784929074347,-4.98,-2.07,0,0,0,,,15.233333333333338,41.36785714285715,89.6230769230769,+171.56,+488.34,38.8,63.1,96.6,+62.63,+148.97,60.861,73.523,83.75,+20.80,+37.61,11.280769230769234,14.453846153846154,13.376000000000001,+28.13,+18.57,23.9,50.1,39.0,+109.62,+63.18,1182,1228,1165,+3.89,-1.44,85.62,85.61,86.0,-0.01,+0.44,0.0,0.0,0.0,,,0.0,0.0,0.0,,,10306.348090991378,10821.34319699253,9629.781422991073,+5.00,-6.56
cs-mlkem512-ascon128a-falcon512,ML-KEM-512,Falcon-512,Ascon-128a,L1,8.993277,9.198029,14.954745,+2.28,+66.29,1.851075,2.085082,2.124117,+12.64,+14.75,0.021549257957615666,0.022675864480700886,0.0213149415015535,+5.23,-1.09,0,0,0,,,14.0962962962963,40.53214285714285,88.5111111111111,+187.54,+527.90,36.2,60.8,93.7,+67.96,+158.84,60.374,73.036,82.289,+20.97,+36.30,11.02692307692308,11.784615384615384,10.957692307692307,+6.87,-0.63,22.5,68.8,31.8,+205.78,+41.33,1164,1204,1199,+3.44,+3.01,84.39,84.07,85.65,-0.38,+1.49,0.0,0.0,0.0,,,0.0,0.0,0.0,,,10489.827559009427,10955.083993001608,10668.57255899231,+4.44,+1.70
cs-mlkem512-ascon128a-mldsa44,ML-KEM-512,ML-DSA-44,Ascon-128a,L1,12.065749,16.568872,21.243033,+37.32,+76.06,1.9241329999999999,3.2439529999999994,2.381539,+68.59,+23.77,0.022863016001905913,0.021699090865087645,0.02013751296251834,-5.09,-11.92,0,0,0,,,13.696428571428571,39.36206896551724,89.11428571428569,+187.39,+550.64,34.0,61.2,96.5,+80.00,+183.82,61.348,73.036,82.289,+19.05,+34.13,14.98076923076923,10.703703703703702,7.234615384615383,-28.55,-51.71,69.6,34.2,14.9,-50.86,-78.59,1221,1269,1248,+3.93,+2.21,85.35,85.43,85.78,+0.09,+0.50,0.0,0.0,0.0,,,0.0,0.0,0.0,,,10998.723876982694,11541.128684009891,11203.369572991505,+4.93,+1.86
cs-mlkem512-ascon128a-sphincs128s,ML-KEM-512,SPHINCS+-SHA2-128s-simple,Ascon-128a,L1,648.321181,644.709223,769.923539,-0.56,+18.76,630.061911,634.232829,730.165152,+0.66,+15.89,0.02194612210977191,0.020855726206849265,0.02121127859278102,-4.97,-3.35,0,0,0,,,14.586206896551728,40.535714285714285,88.45714285714287,+177.90,+506.44,37.6,60.5,95.0,+60.90,+152.66,61.348,73.036,83.263,+19.05,+35.72,11.110714285714284,10.266666666666671,7.98148148148148,-7.60,-28.16,36.7,46.7,14.8,+27.25,-59.67,1271,1214,1251,-4.48,-1.57,85.71,84.68,85.86,-1.20,+0.18,0.0,0.0,0.0,,,0.0,0.0,0.0,,,11305.8698370005,10824.46124200942,10808.212196978275,-4.26,-4.40
cs-mlkem512-chacha20poly1305-falcon512,ML-KEM-512,Falcon-512,ChaCha20-Poly1305,L1,8.836092,9.729271,15.006688,+10.11,+69.83,2.013429,2.053978,1.5668989999999998,+2.01,-22.18,0.022781066308638333,0.022541457505696298,0.021192708118336057,-1.05,-6.97,0,0,0,,,14.676666666666666,40.22142857142857,89.16896551724136,+174.05,+507.56,36.2,64.7,94.5,+78.73,+161.05,59.887,73.036,82.776,+21.96,+38.22,15.87857142857143,11.996153846153845,7.125925925925924,-24.45,-55.12,55.8,54.1,11.6,-3.05,-79.21,1316,1225,1271,-6.91,-3.42,85.79,85.58,84.35,-0.24,-1.68,0.0,0.0,0.0,,,0.0,0.0,0.0,,,12013.485070987372,11009.048546984559,11727.052465983434,-8.36,-2.38
cs-mlkem512-chacha20poly1305-mldsa44,ML-KEM-512,ML-DSA-44,ChaCha20-Poly1305,L1,12.088399,13.219071,16.098223,+9.35,+33.17,1.500625,2.496808,2.9591309999999997,+66.38,+97.19,0.02255664236936633,0.021548712513174712,0.02044305379377994,-4.47,-9.37,0,0,0,,,14.32,41.00344827586206,89.1535714285714,+186.34,+522.58,38.0,62.6,93.5,+64.74,+146.05,59.887,73.036,82.776,+21.96,+38.22,10.864285714285716,9.63703703703704,8.01923076923077,-11.30,-26.19,32.2,51.4,15.4,+59.63,-52.17,1311,1249,1229,-4.73,-6.25,85.48,84.28,85.04,-1.40,-0.51,0.0,0.0,0.0,,,0.0,0.0,0.0,,,12019.874038000125,11514.377012004843,11131.800673989346,-4.21,-7.39
cs-mlkem512-chacha20poly1305-sphincs128s,ML-KEM-512,SPHINCS+-SHA2-128s-simple,ChaCha20-Poly1305,L1,627.6472,650.040043,723.712989,+3.57,+15.31,616.892838,636.0093360000001,709.039852,+3.10,+14.94,0.02091787171895123,0.019923899072013727,0.020961826632408975,-4.75,+0.21,0,0,0,,,14.20714285714286,39.403703703703705,89.43928571428572,+177.35,+529.54,36.2,61.0,95.6,+68.51,+164.09,60.374,74.497,82.289,+23.39,+36.30,12.055555555555559,9.773076923076923,14.885185185185184,-18.93,+23.47,59.9,21.5,56.4,-64.11,-5.84,1206,1184,1227,-1.82,+1.74,84.32,85.56,84.69,+1.47,+0.44,0.0,0.0,0.0,,,0.0,0.0,0.0,,,10792.302535992349,10331.712646002416,10762.802495999495,-4.27,-0.27
cs-mlkem768-aesgcm-mldsa65,ML-KEM-768,ML-DSA-65,AES-256-GCM,L3,12.709759,15.739297,23.469557,+23.84,+84.66,2.708081,4.853275,4.8788279999999995,+79.21,+80.16,0.021598559878981283,0.022506604324141467,0.020207740112053438,+4.20,-6.44,0,0,0,,,14.717241379310348,40.160714285714285,87.81071428571428,+172.88,+496.65,36.5,61.4,94.1,+68.22,+157.81,60.374,74.497,82.289,+23.39,+36.30,8.292592592592593,9.3,13.684615384615386,+12.15,+65.02,13.4,15.7,61.3,+17.16,+357.46,1269,1225,1231,-3.47,-2.99,85.57,85.54,84.97,-0.04,-0.70,0.0,0.0,0.0,,,0.0,0.0,0.0,,,11505.211523006437,11023.608733987203,11171.560933988076,-4.19,-2.90
cs-mlkem768-aesgcm-sphincs192s,ML-KEM-768,SPHINCS+-SHA2-192s-simple,AES-256-GCM,L3,1249.508578,1352.774167,1652.853755,+8.26,+32.28,1232.798986,1340.5801559999998,1632.927772,+8.74,+32.46,0.020210959335397388,0.020323723845345434,0.021446768221708903,+0.56,+6.11,0,0,0,,,14.256666666666664,41.396428571428565,88.96785714285714,+190.37,+524.04,35.5,71.9,94.1,+102.54,+165.07,60.374,73.523,82.289,+21.78,+36.30,7.867857142857143,14.962962962962957,7.537037037037037,+90.18,-4.20,13.1,70.8,12.7,+440.46,-3.05,1315,1208,1229,-8.14,-6.54,85.77,84.35,84.49,-1.66,-1.49,0.0,0.0,0.0,,,0.0,0.0,0.0,,,11222.82204599469,9983.209845988313,9536.914740980137,-11.05,-15.02
cs-mlkem768-ascon128a-mldsa65,ML-KEM-768,ML-DSA-65,Ascon-128a,L3,13.159759,13.318832,24.110853,+1.21,+83.22,2.2042210000000004,1.659331,2.479268,-24.72,+12.48,0.02161894440323913,0.02146524812303784,0.01997801804626749,-0.71,-7.59,0,0,0,,,14.877777777777778,39.47777777777778,88.14999999999999,+165.35,+492.49,35.4,60.8,95.6,+71.75,+170.06,61.835,74.497,82.776,+20.48,+33.87,16.96538461538461,15.91153846153846,8.684000000000001,-6.21,-48.81,48.2,41.0,23.5,-14.94,-51.24,1170,1183,1144,+1.11,-2.22,84.86,85.53,84.68,+0.79,-0.21,0.0,0.0,0.0,,,0.0,0.0,0.0,,,10488.578709977446,10516.347107011825,10163.170316984178,+0.26,-3.10
cs-mlkem768-ascon128a-sphincs192s,ML-KEM-768,SPHINCS+-SHA2-192s-simple,Ascon-128a,L3,1337.450004,1351.335264,1478.198914,+1.04,+10.52,1322.7466200000001,1333.595449,1463.480887,+0.82,+10.64,0.021374642882177233,0.020290252518289895,0.0206277635731944,-5.07,-3.49,0,0,0,,,13.844444444444445,40.83571428571429,88.78076923076922,+194.96,+541.27,36.3,60.1,94.6,+65.56,+160.61,61.348,73.523,82.776,+19.85,+34.93,10.603846153846153,13.10740740740741,7.803999999999998,+23.61,-26.40,32.8,38.0,14.5,+15.85,-55.79,1186,1208,1144,+1.85,-3.54,85.87,84.38,84.58,-1.74,-1.50,0.0,0.0,0.0,,,0.0,0.0,0.0,,,9508.46295399242,9999.678407999454,8822.672382986639,+5.17,-7.21
cs-mlkem768-chacha20poly1305-mldsa65,ML-KEM-768,ML-DSA-65,ChaCha20-Poly1305,L3,12.261294,11.832219,23.625947,-3.50,+92.69,2.085288,1.926031,3.590991,-7.64,+72.21,0.021556350427613488,0.021656032009109507,0.020328289162123675,+0.46,-5.70,0,0,0,,,13.917241379310344,41.251724137931035,89.57142857142854,+196.41,+543.60,36.1,64.5,96.0,+78.67,+165.93,62.809,74.01,82.776,+17.83,+31.79,15.722222222222221,10.725925925925926,8.23846153846154,-31.78,-47.60,60.4,30.0,14.6,-50.33,-75.83,1251,1251,1252,+0.00,+0.08,84.42,84.37,85.95,-0.06,+1.81,0.0,0.0,0.0,,,0.0,0.0,0.0,,,11495.45238801511,11511.61948297522,11178.904342988972,+0.14,-2.75
cs-mlkem768-chacha20poly1305-sphincs192s,ML-KEM-768,SPHINCS+-SHA2-192s-simple,ChaCha20-Poly1305,L3,1305.769556,1224.472286,1537.81282,-6.23,+17.77,1289.307508,1205.283893,1518.483591,-6.52,+17.78,0.019896449937551346,0.021124769758671485,0.01970038777265321,+6.17,-0.99,0,0,0,,,14.425000000000002,39.65517241379311,88.70689655172414,+174.91,+514.95,34.7,62.6,95.0,+80.40,+173.78,61.835,73.036,83.263,+18.11,+34.65,10.253846153846153,11.003703703703705,13.814814814814815,+7.31,+34.73,34.2,27.5,61.4,-19.59,+79.53,1204,1268,1289,+5.32,+7.06,84.16,85.4,85.63,+1.47,+1.75,0.0,0.0,0.0,,,0.0,0.0,0.0,,,10197.598095983267,10732.424664980499,10323.857700015651,+5.24,+1.24
